{
  "session_uuid": "7f2c464c-8ba1-4b04-8ad9-6c81c12f1ce6",
  "timestamp": "2026-01-23T13:06:03.197215",
  "symbols": {
    "EURUSD.s": {
      "req_rep": {
        "statistics": {
          "min": 5.726892035454512,
          "max": 1021.3534139911644,
          "mean": 427.6104719569603,
          "median": 364.2806410207413,
          "stdev": 327.89696578545403,
          "p50": 364.2806410207413,
          "p95": 1002.7596179861575,
          "p99": 1013.373636000324,
          "sample_count": 141
        }
      },
      "pub_sub": {
        "message_count": 0,
        "elapsed_time": 5.010457515716553,
        "throughput": 0.0,
        "avg_message_size": 0
      }
    },
    "BTCUSD.s": {
      "req_rep": {
        "statistics": {
          "min": 16.72252599382773,
          "max": 1012.6426109927706,
          "mean": 476.5191233441328,
          "median": 373.0182529834565,
          "stdev": 356.4817200755851,
          "p50": 373.0447419802658,
          "p95": 1003.7456640275195,
          "p99": 1012.4301690375432,
          "sample_count": 128
        }
      },
      "pub_sub": {
        "message_count": 0,
        "elapsed_time": 5.009269714355469,
        "throughput": 0.0,
        "avg_message_size": 0
      }
    }
  },
  "summary": {}
}