{
  "session_uuid": "0f5bdc79-8d4a-4ea4-a670-27bb2ef953af",
  "timestamp": "2026-01-23T14:20:02.879125",
  "test_type": "four-track",
  "task": "Task #135",
  "symbols": {
    "XAUUSD.s": {
      "req_rep": {
        "statistics": {
          "min": 519.2801809753291,
          "max": 1453.0258639715612,
          "mean": 913.3949503108548,
          "median": 767.8788059856743,
          "stdev": 483.58190756372915,
          "p50": 767.8788059856743,
          "p95": 1453.0258639715612,
          "p99": 1453.0258639715612,
          "sample_count": 3
        }
      }
    },
    "BTCUSD.s": {
      "req_rep": {
        "statistics": {
          "min": 365.07216200698167,
          "max": 1813.5408740490675,
          "mean": 895.131723798113,
          "median": 690.3771754878107,
          "stdev": 478.36181988577107,
          "p50": 751.227063999977,
          "p95": 1813.5408740490675,
          "p99": 1813.5408740490675,
          "sample_count": 10
        }
      }
    },
    "GBPUSD.s": {
      "req_rep": {
        "statistics": {
          "min": 306.6170689999126,
          "max": 1945.8572040311992,
          "mean": 976.2556261965074,
          "median": 691.7356484918855,
          "stdev": 577.723596458385,
          "p50": 714.4357719807886,
          "p95": 1945.8572040311992,
          "p99": 1945.8572040311992,
          "sample_count": 10
        }
      }
    },
    "EURUSD.s": {
      "req_rep": {
        "statistics": {
          "min": 148.83593103149906,
          "max": 1986.6708139888942,
          "mean": 979.8750869178383,
          "median": 873.5685879946686,
          "stdev": 602.6212091011158,
          "p50": 873.5685879946686,
          "p95": 1986.6708139888942,
          "p99": 1986.6708139888942,
          "sample_count": 11
        }
      }
    }
  },
  "summary": {
    "total_tracks": 4,
    "max_p99_latency": 1986.6708139888942,
    "capacity_budget": 2980.0062209833413,
    "task_134_capacity_budget": 2583,
    "status": "warning_but_possible"
  }
}