{
  "session_uuid": "c3ab68c4-31c0-49ee-b7d4-bafdbd044c59",
  "timestamp": "2026-01-23T13:39:04.649704",
  "test_type": "multi-track",
  "symbols": {
    "EURUSD.s": {
      "req_rep": {
        "statistics": {
          "min": 158.58813398517668,
          "max": 1484.3716629547998,
          "mean": 645.8133084845031,
          "median": 505.2237474883441,
          "stdev": 392.1817771798914,
          "p50": 629.2502869619057,
          "p95": 1484.3716629547998,
          "p99": 1484.3716629547998,
          "sample_count": 20
        }
      }
    },
    "BTCUSD.s": {
      "req_rep": {
        "statistics": {
          "min": 242.1699870028533,
          "max": 1529.000518959947,
          "mean": 664.0841978834942,
          "median": 526.786734466441,
          "stdev": 404.34825636936966,
          "p50": 589.338373974897,
          "p95": 1529.000518959947,
          "p99": 1529.000518959947,
          "sample_count": 20
        }
      }
    },
    "GBPUSD.s": {
      "req_rep": {
        "statistics": {
          "min": 250.98387704929337,
          "max": 1722.3161369911395,
          "mean": 694.3793376995018,
          "median": 522.5266744964756,
          "stdev": 420.2856447989973,
          "p50": 553.2166240154766,
          "p95": 1722.3161369911395,
          "p99": 1722.3161369911395,
          "sample_count": 20
        }
      }
    }
  },
  "summary": {
    "total_tracks": 3,
    "max_p99_latency": 1722.3161369911395,
    "capacity_budget": 2583.4742054867093,
    "status": "acceptable"
  }
}