{
  "session_uuid": "c0a1af61-4564-4383-9de7-d20d03bbca42",
  "timestamp": "2026-01-23T12:59:03.330348",
  "symbols": {
    "EURUSD.s": {
      "req_rep": {
        "statistics": {
          "min": 10.768465988803655,
          "max": 1016.8187550152652,
          "mean": 398.1941549977849,
          "median": 241.2276269751601,
          "stdev": 347.90298623412485,
          "p50": 241.2276269751601,
          "p95": 1006.1639460036531,
          "p99": 1015.8181290025823,
          "sample_count": 151
        }
      },
      "pub_sub": {
        "message_count": 0,
        "elapsed_time": 5.0056469440460205,
        "throughput": 0.0,
        "avg_message_size": 0
      }
    },
    "BTCUSD.s": {
      "req_rep": {
        "statistics": {
          "min": 15.782678034156561,
          "max": 1010.6197880231775,
          "mean": 340.74809277715036,
          "median": 241.34125898126513,
          "stdev": 288.88111126467226,
          "p50": 241.34125898126513,
          "p95": 998.4639040194452,
          "p99": 1008.5740810027346,
          "sample_count": 179
        }
      },
      "pub_sub": {
        "message_count": 0,
        "elapsed_time": 5.011888742446899,
        "throughput": 0.0,
        "avg_message_size": 0
      }
    }
  },
  "summary": {}
}