{
  "session_uuid": "65fa0ca1-6b23-4492-b11c-7b9cd95c42c3",
  "timestamp": "2026-01-23T13:26:33.325845",
  "symbols": {
    "EURUSD.s": {
      "req_rep": {
        "statistics": {
          "min": 17.219871981069446,
          "max": 1014.993274002336,
          "mean": 264.7692071805228,
          "median": 141.4275380084291,
          "stdev": 247.98577826867916,
          "p50": 141.4275380084291,
          "p95": 957.1014459943399,
          "p99": 1007.1851749671623,
          "sample_count": 227
        }
      },
      "pub_sub": {
        "message_count": 0,
        "elapsed_time": 2.018589973449707,
        "throughput": 0.0,
        "avg_message_size": 0
      }
    },
    "BTCUSD.s": {
      "req_rep": {
        "statistics": {
          "min": 3.280913981143385,
          "max": 1013.8242039829493,
          "mean": 224.85586789271827,
          "median": 129.4874150189571,
          "stdev": 206.49105721417135,
          "p50": 129.4874150189571,
          "p95": 705.3080150508322,
          "p99": 1000.3588909748942,
          "sample_count": 267
        }
      },
      "pub_sub": {
        "message_count": 0,
        "elapsed_time": 2.002208709716797,
        "throughput": 0.0,
        "avg_message_size": 0
      }
    }
  },
  "summary": {}
}