{
  "task": "TASK #117",
  "timestamp": "2026-01-17T01:49:21.461630",
  "comparison_results": {
    "consistency_rate": 0.407,
    "baseline_accuracy": 0.459,
    "challenger_accuracy": 0.564,
    "baseline_f1": 0.18646616541353384,
    "challenger_f1": 0.5985267034990792
  },
  "diversity_results": {
    "diversity_index": 0.593,
    "different_signals": 593,
    "total_signals": 1000
  }
}